{"wheel": 0.9757893085479736, "apple": 0.010442720726132393, "moon": 0.007972469553351402, "hat": 0.004688180983066559, "rake": 0.0004098866484127939, "megaphone": 0.00022873659327160567, "lollipop": 0.00016636324289720505, "saw": 0.00013873018906451762, "star": 9.262723324354738e-05, "anvil": 2.323904300283175e-05, "door": 2.2993723177933134e-05, "book": 1.3010186194151174e-05, "pants": 1.0136752280232031e-05, "tree": 1.443847168047796e-06, "umbrella": 2.1350432177769108e-07}